"filename", "language", "TypeScript", "JSON", "comment", "blank", "total"
"/home/vikas/Desktop/creator-sync/server/apps/media-service/src/main.ts", "TypeScript", 16, 0, 0, 2, 18
"/home/vikas/Desktop/creator-sync/server/apps/media-service/src/media-service.controller.ts", "TypeScript", 32, 0, 0, 8, 40
"/home/vikas/Desktop/creator-sync/server/apps/media-service/src/media-service.module.ts", "TypeScript", 11, 0, 0, 2, 13
"/home/vikas/Desktop/creator-sync/server/apps/media-service/src/media-service.service.ts", "TypeScript", 297, 0, 2, 41, 340
"/home/vikas/Desktop/creator-sync/server/apps/media-service/tsconfig.app.json", "JSON", 0, 9, 0, 1, 10
"/home/vikas/Desktop/creator-sync/server/apps/server/src/auth/auth.controller.ts", "TypeScript", 63, 0, 0, 11, 74
"/home/vikas/Desktop/creator-sync/server/apps/server/src/auth/auth.module.ts", "TypeScript", 34, 0, 0, 2, 36
"/home/vikas/Desktop/creator-sync/server/apps/server/src/auth/auth.service.ts", "TypeScript", 67, 0, 0, 15, 82
"/home/vikas/Desktop/creator-sync/server/apps/server/src/auth/auth.types.ts", "TypeScript", 24, 0, 0, 4, 28
"/home/vikas/Desktop/creator-sync/server/apps/server/src/auth/dtos/auth.dto.ts", "TypeScript", 8, 0, 0, 1, 9
"/home/vikas/Desktop/creator-sync/server/apps/server/src/auth/guards/jwt.guard.ts", "TypeScript", 52, 0, 0, 9, 61
"/home/vikas/Desktop/creator-sync/server/apps/server/src/auth/tests/auth.controller.spec.ts", "TypeScript", 148, 0, 0, 29, 177
"/home/vikas/Desktop/creator-sync/server/apps/server/src/auth/tests/auth.module.spec.ts", "TypeScript", 14, 0, 0, 5, 19
"/home/vikas/Desktop/creator-sync/server/apps/server/src/auth/tests/auth.service.spec.ts", "TypeScript", 206, 0, 2, 55, 263
"/home/vikas/Desktop/creator-sync/server/apps/server/src/auth/tests/jwt.guard.spec.ts", "TypeScript", 82, 0, 0, 21, 103
"/home/vikas/Desktop/creator-sync/server/apps/server/src/chat/chat.controller.ts", "TypeScript", 52, 0, 0, 13, 65
"/home/vikas/Desktop/creator-sync/server/apps/server/src/chat/chat.module.ts", "TypeScript", 23, 0, 0, 2, 25
"/home/vikas/Desktop/creator-sync/server/apps/server/src/chat/chat.service.ts", "TypeScript", 341, 0, 23, 59, 423
"/home/vikas/Desktop/creator-sync/server/apps/server/src/chat/dtos/chat.dto.ts", "TypeScript", 65, 0, 0, 15, 80
"/home/vikas/Desktop/creator-sync/server/apps/server/src/chat/tests/chat.controller.spec.ts", "TypeScript", 191, 0, 0, 49, 240
"/home/vikas/Desktop/creator-sync/server/apps/server/src/chat/tests/chat.module.spec.ts", "TypeScript", 31, 0, 0, 5, 36
"/home/vikas/Desktop/creator-sync/server/apps/server/src/chat/tests/chat.service.spec.ts", "TypeScript", 495, 0, 1, 104, 600
"/home/vikas/Desktop/creator-sync/server/apps/server/src/main.ts", "TypeScript", 19, 0, 1, 2, 22
"/home/vikas/Desktop/creator-sync/server/apps/server/src/server.controller.ts", "TypeScript", 16, 0, 0, 3, 19
"/home/vikas/Desktop/creator-sync/server/apps/server/src/server.module.ts", "TypeScript", 18, 0, 0, 1, 19
"/home/vikas/Desktop/creator-sync/server/apps/server/src/server.service.ts", "TypeScript", 35, 0, 0, 7, 42
"/home/vikas/Desktop/creator-sync/server/apps/server/src/tests/server.controller.spec.ts", "TypeScript", 57, 0, 0, 12, 69
"/home/vikas/Desktop/creator-sync/server/apps/server/src/tests/server.module.spec.ts", "TypeScript", 32, 0, 0, 4, 36
"/home/vikas/Desktop/creator-sync/server/apps/server/src/tests/server.service.spec.ts", "TypeScript", 46, 0, 0, 18, 64
"/home/vikas/Desktop/creator-sync/server/apps/server/src/user/tests/user.module.spec.ts", "TypeScript", 20, 0, 0, 4, 24
"/home/vikas/Desktop/creator-sync/server/apps/server/src/user/tests/user.service.spec.ts", "TypeScript", 190, 0, 0, 49, 239
"/home/vikas/Desktop/creator-sync/server/apps/server/src/user/user.module.ts", "TypeScript", 10, 0, 0, 2, 12
"/home/vikas/Desktop/creator-sync/server/apps/server/src/user/user.service.ts", "TypeScript", 78, 0, 0, 8, 86
"/home/vikas/Desktop/creator-sync/server/apps/server/src/user/user.types.ts", "TypeScript", 22, 0, 0, 3, 25
"/home/vikas/Desktop/creator-sync/server/apps/server/tsconfig.app.json", "JSON", 0, 9, 0, 1, 10
"Total", "-", 2795, 18, 29, 567, 3409